{"cameraMode":{"drawMode":0,"name":"Shaded","section":"Shading Mode"},"sceneLighting":true,"audioPlay":false,"sceneViewState":{"showFog":true,"showMaterialUpdate":false,"showSkybox":true,"showFlares":true,"showImageEffects":true,"showParticleSystems":true},"in2DMode":false,"pivot":{"x":3.146059513092041,"y":6.3343505859375,"z":-1.8610162734985352},"rotation":{"x":0.30449894070625307,"y":-0.1393595039844513,"z":0.045087479054927829,"w":0.9411869049072266},"size":14.26215934753418,"orthographic":false}