{"cameraMode":{"drawMode":0,"name":"Shaded","section":"Shading Mode"},"sceneLighting":true,"audioPlay":false,"sceneViewState":{"showFog":true,"showMaterialUpdate":false,"showSkybox":true,"showFlares":true,"showImageEffects":true,"showParticleSystems":true},"in2DMode":false,"pivot":{"x":13.250868797302246,"y":1.897369384765625,"z":6.547630310058594},"rotation":{"x":0.27463921904563906,"y":-0.03460639715194702,"z":0.009892018511891365,"w":0.9608770608901978},"size":29.416996002197267,"orthographic":false}